RESOLUCAO,BITRATE,QP,FPS,PSNR,SSIM
34560000.0,35568,36,30,31.50805,0.6355363
34560000.0,35568,36,30,31.50805,0.6355363
34560000.0,35568,36,30,31.50805,0.6355363
