RESOLUCAO,BITRATE,QP,FPS,PSNR,SSIM
34560000,103882,26,30,36.25768,0.807027
34560000,62344,30,30,34.275585,0.75592273
34560000,43008,33,30,32.660103,0.70851916
