RESOLUCAO,BITRATE,QP,FPS,PSNR,SSIM,LPIPS,VMAF
34560000,103882.4,26,30,36.25768,0.807027,0.32724035,b'yuv420p: 1: yuv420p: ./run_vmaf: not found\n'
34560000,62344.8,30,30,34.275585,0.75592273,0.32546997,b'yuv420p: 1: yuv420p: ./run_vmaf: not found\n'
34560000,43008.6,33,30,32.660103,0.70851916,0.32347006,b'yuv420p: 1: yuv420p: ./run_vmaf: not found\n'
