PSNR,SSIM,VMAF,Resolution,Bitrate
"(37.830948, 34.69195, 33.23692)","(0.84170896, 0.7687633, 0.7237316)",,"(34560000.0, 34560000.0, 34560000.0)",
